"","breaks","looic","delta_looic","weights"
"1",0,-39.1932701460815,0,0
"2",1,14.468332022709,53.6616021687904,0.059089
"3",2,34.2249841743592,73.4182543204407,0.940911
